Date Time,Tin,Tout,GasUsed,Srd
2018-11-01 00:00:00,14.31663636,7.983,0.0,1
2018-11-01 01:00:00,14.22954545,8.082,0.0,0
2018-11-01 02:00:00,14.14227273,8.182,0.0,2
2018-11-01 03:00:00,14.07263636,8.481,0.0,2
2018-11-01 04:00:00,13.994000000000002,8.581,0.0,3
2018-11-01 05:00:00,13.933,8.481,0.0,2
2018-11-01 06:00:00,13.84572727,8.68,0.0,1
2018-11-01 07:00:00,13.81072727,8.779,0.0,1
2018-11-01 08:00:00,13.76709091,9.275,0.0,2
2018-11-01 09:00:00,13.74081818,9.669,0.0,27
2018-11-01 10:00:00,13.70581818,9.077,0.0,42
2018-11-01 11:00:00,14.18536364,9.373,0.0,35
2018-11-01 12:00:00,14.82927273,10.651,0.0,97
2018-11-01 13:00:00,15.01172727,11.235999999999999,2.227082666,106
2018-11-01 14:00:00,15.15963636,10.259,2.0043743999999997,193
2018-11-01 15:00:00,15.41145455,9.965,3.6746863989999996,141
2018-11-01 16:00:00,15.42,8.581,0.7794789329999999,58
2018-11-01 17:00:00,15.29027273,6.5729999999999995,0.0,34
2018-11-01 18:00:00,14.91690909,5.45,13.91926667,2
2018-11-01 19:00:00,16.32281818,3.7880000000000003,2.338436799,1
2018-11-01 20:00:00,16.47018182,3.367,8.128851733,2
2018-11-01 21:00:00,16.73018182,2.73,3.2292698669999997,1
2018-11-01 22:00:00,16.88590909,3.049,1.0021871999999998,1
2018-11-01 23:00:00,16.50518182,3.7880000000000003,2.0043743999999997,3
2018-11-02 00:00:00,16.254,3.472,0.11135413300000001,1
2018-11-02 01:00:00,15.81172727,3.367,2.227082667,2
2018-11-02 02:00:00,15.75963636,3.049,1.781666133,1
2018-11-02 03:00:00,15.55127273,2.73,0.44541653299999995,0
2018-11-02 04:00:00,15.27336364,2.943,2.3384367999999998,2
2018-11-02 05:00:00,15.290999999999999,3.261,1.781666133,1
2018-11-02 06:00:00,15.05627273,3.049,12.80572533,2
2018-11-02 07:00:00,16.323,3.049,3.3406239999999996,2
2018-11-02 08:00:00,16.58309091,4.102,6.235831467000001,5
2018-11-02 09:00:00,17.18009091,5.757000000000001,0.33406240000000004,66
2018-11-02 10:00:00,17.36172727,7.481,0.0,190
2018-11-02 11:00:00,17.02418182,9.176,0.0,299
2018-11-02 12:00:00,16.75563636,9.275,0.0,391
2018-11-02 13:00:00,16.67745455,9.767999999999999,0.0,368
2018-11-02 14:00:00,16.53054545,10.062999999999999,0.0,340
2018-11-02 15:00:00,16.25336364,9.866,0.0,256
2018-11-02 16:00:00,15.98481818,7.481,0.0,135
2018-11-02 17:00:00,15.73327273,5.655,0.0,29
2018-11-02 18:00:00,15.49027273,5.244,13.47385013,3
2018-11-02 19:00:00,16.94654545,5.347,1.447603734,1
2018-11-02 20:00:00,17.10218182,5.86,7.460726932999999,1
2018-11-02 21:00:00,17.20627273,6.471,1.781666133,2
2018-11-02 22:00:00,17.35336364,6.166,0.556770667,2
2018-11-02 23:00:00,16.87745455,6.775,0.0,1
2018-11-03 00:00:00,16.40109091,7.178999999999999,0.0,2
2018-11-03 01:00:00,16.06318182,7.178999999999999,0.0,1
2018-11-03 02:00:00,15.79436364,7.178999999999999,0.0,2
2018-11-03 03:00:00,15.53409091,7.682,0.0,2
2018-11-03 04:00:00,15.32572727,7.582000000000001,0.0,1
2018-11-03 05:00:00,15.13463636,7.381,0.0,1
2018-11-03 06:00:00,14.93454545,7.882000000000001,14.6987456,2
2018-11-03 07:00:00,16.62609091,7.381,2.6724992000000003,3
2018-11-03 08:00:00,17.06772727,7.782,4.231457067,3
2018-11-03 09:00:00,17.41381818,9.472000000000001,5.122290133,56
2018-11-03 10:00:00,18.09718182,10.845999999999998,2.561145067,172
2018-11-03 11:00:00,17.98472727,13.075999999999999,5.790414934,278
2018-11-03 12:00:00,18.53818182,14.517000000000001,1.3362496000000001,185
2018-11-03 13:00:00,18.25290909,14.517000000000001,5.456352534,458
2018-11-03 14:00:00,18.65063636,14.421,1.8930202669999998,151
2018-11-03 15:00:00,18.39990909,14.038,3.674686401,108
2018-11-03 16:00:00,18.58154545,12.98,3.786040533,86
2018-11-03 17:00:00,18.46927273,12.11,2.6724992000000003,6
2018-11-03 18:00:00,18.58163636,11.625,4.008748799,3
2018-11-03 19:00:00,18.61645455,11.431,2.561145067,2
2018-11-03 20:00:00,18.65090909,11.139000000000001,2.895207467,2
2018-11-03 21:00:00,18.57309091,10.748,3.563332266,1
2018-11-03 22:00:00,18.61636364,10.259,0.222708267,2
2018-11-03 23:00:00,18.4,9.965,0.0,2
2018-11-04 00:00:00,17.96736364,9.669,0.0,2
2018-11-04 01:00:00,17.64754545,9.866,0.0,2
2018-11-04 02:00:00,17.35336364,9.866,0.0,1
2018-11-04 03:00:00,17.11090909,9.965,0.0,6
2018-11-04 04:00:00,16.93809091,10.062999999999999,0.0,1
2018-11-04 05:00:00,16.74763636,10.259,0.0,2
2018-11-04 06:00:00,16.59172727,10.357000000000001,13.0284336,1
2018-11-04 07:00:00,18.07145455,10.357000000000001,0.668124799,1
2018-11-04 08:00:00,18.20109091,10.552999999999999,6.124477333,3
2018-11-04 09:00:00,18.27027273,10.357000000000001,0.445416534,9
2018-11-04 10:00:00,18.22690909,11.625,5.790414934,54
2018-11-04 11:00:00,18.33063636,12.497,1.3362496000000001,108
2018-11-04 12:00:00,18.55554545,12.207,3.7860405339999996,103
2018-11-04 13:00:00,18.45181818,11.819,2.338436799,111
2018-11-04 14:00:00,18.63354545,11.527999999999999,1.893020266,63
2018-11-04 15:00:00,18.46054545,11.625,4.6768735999999995,51
2018-11-04 16:00:00,18.75472727,11.527999999999999,1.0021871999999998,30
2018-11-04 17:00:00,18.53827273,10.944,4.008748799999999,16
2018-11-04 18:00:00,18.68554545,10.944,0.556770667,2
2018-11-04 19:00:00,18.46909091,10.259,5.233644266000001,2
2018-11-04 20:00:00,18.61618182,9.373,0.44541653299999995,1
2018-11-04 21:00:00,18.55554545,7.882000000000001,5.344998400000001,2
2018-11-04 22:00:00,18.52963636,6.775,0.44541653299999995,1
2018-11-04 23:00:00,18.56418182,8.282,0.0,1
2018-11-05 00:00:00,18.14909091,7.983,0.0,1
2018-11-05 01:00:00,17.82909091,8.779,0.0,1
2018-11-05 02:00:00,17.55245455,8.581,0.0,1
2018-11-05 03:00:00,17.30145455,6.978,0.0,2
2018-11-05 04:00:00,17.05036364,5.5520000000000005,0.0,2
2018-11-05 05:00:00,16.84281818,5.757000000000001,0.0,1
2018-11-05 06:00:00,16.67827273,7.582000000000001,12.13760053,1
2018-11-05 07:00:00,18.06272727,8.082,0.890833068,1
2018-11-05 08:00:00,18.028,8.382,5.456352534,2
2018-11-05 09:00:00,18.14909091,9.077,0.556770667,12
2018-11-05 10:00:00,18.02809091,10.259,0.0,34
2018-11-05 11:00:00,17.68209091,10.944,0.0,45
2018-11-05 12:00:00,17.613,13.558,0.0,68
2018-11-05 13:00:00,17.613,13.942,0.0,139
2018-11-05 14:00:00,17.54372727,14.038,0.0,361
2018-11-05 15:00:00,17.44845455,12.883,0.0,277
2018-11-05 16:00:00,17.20636364,12.401,0.0,80
2018-11-05 17:00:00,17.02454545,9.866,0.0,16
2018-11-05 18:00:00,16.85145455,9.472000000000001,11.13541333,1
2018-11-05 19:00:00,18.07990909,8.581,1.113541334,1
2018-11-05 20:00:00,18.13172727,9.077,4.899581866,1
2018-11-05 21:00:00,18.07136364,9.472000000000001,1.893020266,1
2018-11-05 22:00:00,18.27018182,9.571,0.0,2
2018-11-05 23:00:00,17.90681818,8.779,0.0,1
2018-11-06 00:00:00,17.57845455,9.077,0.0,2
2018-11-06 01:00:00,17.336,8.481,0.0,2
2018-11-06 02:00:00,17.11109091,7.882000000000001,0.0,2
2018-11-06 03:00:00,16.90336364,8.082,0.0,2
2018-11-06 04:00:00,16.75627273,9.571,0.0,2
2018-11-06 05:00:00,16.64372727,10.062999999999999,0.0,2
2018-11-06 06:00:00,16.52245455,10.062999999999999,12.47166293,1
2018-11-06 07:00:00,17.93290909,10.161,1.0021871999999998,2
2018-11-06 08:00:00,18.04536364,9.866,5.010936,2
2018-11-06 09:00:00,17.98463636,11.040999999999999,0.33406240000000004,20
2018-11-06 10:00:00,18.06272727,11.819,0.0,45
2018-11-06 11:00:00,17.77718182,13.845999999999998,0.0,45
2018-11-06 12:00:00,17.65627273,14.709000000000001,0.0,114
2018-11-06 13:00:00,17.53509091,15.282,0.0,173
2018-11-06 14:00:00,17.52645455,15.472999999999999,0.0,179
2018-11-06 15:00:00,17.43127273,14.804,0.0,297
2018-11-06 16:00:00,17.27554545,14.421,0.0,113
2018-11-06 17:00:00,17.11118182,13.460999999999999,0.0,17
2018-11-06 18:00:00,16.98127273,13.654000000000002,11.692184,1
2018-11-06 19:00:00,18.477999999999998,13.845999999999998,0.6681248000000001,1
2018-11-06 20:00:00,18.46045455,13.654000000000002,4.454165333,1
2018-11-06 21:00:00,18.59054545,12.594000000000001,0.556770666,3
2018-11-06 22:00:00,18.348,12.594000000000001,0.890833067,2
2018-11-06 23:00:00,18.16645455,13.173,0.0,1
2018-11-07 00:00:00,17.881,13.173,0.0,1
2018-11-07 01:00:00,17.64745455,12.98,0.0,0
2018-11-07 02:00:00,17.48318182,12.98,0.0,2
2018-11-07 03:00:00,17.31009091,12.883,0.0,1
2018-11-07 04:00:00,17.17163636,12.787,0.0,1
2018-11-07 05:00:00,17.05909091,12.69,0.0,1
2018-11-07 06:00:00,16.92945455,11.235999999999999,11.91489227,1
2018-11-07 07:00:00,18.357,11.139000000000001,0.6681248000000001,1
2018-11-07 08:00:00,18.38272727,11.527999999999999,5.122290133,2
2018-11-07 09:00:00,18.42609091,12.11,0.6681248000000001,5
2018-11-07 10:00:00,18.46918182,13.845999999999998,0.0,40
2018-11-07 11:00:00,18.28745455,14.134,0.0,127
2018-11-07 12:00:00,18.07118182,14.709000000000001,0.0,218
2018-11-07 13:00:00,17.80327273,12.594000000000001,0.0,134
2018-11-07 14:00:00,17.75127273,12.497,0.0,43
2018-11-07 15:00:00,17.59563636,11.625,0.0,28
2018-11-07 16:00:00,17.38818182,11.431,0.0,28
2018-11-07 17:00:00,17.215,10.062999999999999,0.0,14
2018-11-07 18:00:00,17.03309091,10.161,11.58082987,2
2018-11-07 19:00:00,18.38263636,9.669,0.556770667,1
2018-11-07 20:00:00,18.28736364,9.275,4.3428112,2
2018-11-07 21:00:00,18.31345455,8.978,2.115728533,2
2018-11-07 22:00:00,18.23563636,8.978,0.7794789329999999,2
2018-11-07 23:00:00,18.06263636,9.472000000000001,0.0,2
2018-11-08 00:00:00,17.69072727,8.182,0.0,3
2018-11-08 01:00:00,17.362000000000002,7.582000000000001,0.0,2
2018-11-08 02:00:00,17.11981818,7.682,0.0,1
2018-11-08 03:00:00,16.85154545,6.166,0.0,2
2018-11-08 04:00:00,16.60909091,5.037,0.0,1
2018-11-08 05:00:00,16.35781818,5.45,0.0,2
2018-11-08 06:00:00,16.15854545,5.655,12.91707947,2
2018-11-08 07:00:00,17.56954545,5.45,1.224895467,2
2018-11-08 08:00:00,17.64736364,7.582000000000001,5.344998400000001,2
2018-11-08 09:00:00,17.72527273,9.275,0.6681248000000001,58
2018-11-08 10:00:00,17.87218182,11.040999999999999,0.0,100
2018-11-08 11:00:00,17.63881818,12.69,0.0,190
2018-11-08 12:00:00,17.44854545,13.558,0.0,158
2018-11-08 13:00:00,17.32736364,13.269,0.0,151
2018-11-08 14:00:00,17.06781818,13.075999999999999,0.0,127
2018-11-08 15:00:00,16.86018182,12.304,0.0,102
2018-11-08 16:00:00,16.660999999999998,11.139000000000001,0.0,63
2018-11-08 17:00:00,16.47054545,10.455,0.0,17
2018-11-08 18:00:00,16.28872727,9.176,12.91707947,2
2018-11-08 19:00:00,17.77718182,9.077,1.4476037330000002,2
2018-11-08 20:00:00,17.907,8.779,4.899581867,1
2018-11-08 21:00:00,17.69936364,8.481,3.451978132,1
2018-11-08 22:00:00,17.933,7.983,0.44541653299999995,2
2018-11-08 23:00:00,17.59563636,7.481,0.0,2
2018-11-09 00:00:00,17.111,7.28,0.0,1
2018-11-09 01:00:00,16.74754545,6.775,0.0,1
2018-11-09 02:00:00,16.42727273,6.877000000000001,0.0,2
2018-11-09 03:00:00,16.15854545,6.5729999999999995,0.0,1
2018-11-09 04:00:00,15.92436364,7.178999999999999,0.0,1
2018-11-09 05:00:00,15.74236364,7.782,0.0,1
2018-11-09 06:00:00,15.55127273,7.882000000000001,14.030620800000001,2
2018-11-09 07:00:00,17.085,8.182,1.781666133,1
2018-11-09 08:00:00,17.42254545,8.481,6.124477333,1
2018-11-09 09:00:00,17.29263636,8.879,0.6681248000000001,16
2018-11-09 10:00:00,17.42245455,9.472000000000001,0.0,37
2018-11-09 11:00:00,16.97254545,10.651,0.0,21
2018-11-09 12:00:00,16.72154545,12.11,0.0,166
2018-11-09 13:00:00,16.50518182,12.304,0.0,130
2018-11-09 14:00:00,16.30581818,11.431,0.0,35
2018-11-09 15:00:00,16.15,11.819,0.0,46
2018-11-09 16:00:00,16.01963636,10.748,0.0,82
2018-11-09 17:00:00,15.81163636,10.845999999999998,0.0,8
2018-11-09 18:00:00,15.66409091,11.040999999999999,13.58520427,1
2018-11-09 19:00:00,17.30127273,11.139000000000001,2.3384367999999998,2
2018-11-09 20:00:00,17.43118182,9.965,4.6768735999999995,6
2018-11-09 21:00:00,17.37918182,9.669,4.6768735999999995,2
2018-11-09 22:00:00,17.72527273,10.062999999999999,0.33406240000000004,1
2018-11-09 23:00:00,17.39654545,10.259,0.0,1
2018-11-10 00:00:00,16.97263636,10.455,0.0,1
2018-11-10 01:00:00,16.66954545,10.259,0.0,1
2018-11-10 02:00:00,16.46190909,9.965,0.0,2
2018-11-10 03:00:00,16.27118182,9.373,0.0,2
2018-11-10 04:00:00,16.10681818,8.581,0.0,1
2018-11-10 05:00:00,15.89845455,8.382,0.0,2
2018-11-10 06:00:00,15.74236364,8.282,13.47385013,2
2018-11-10 07:00:00,17.23190909,8.182,2.227082667,1
2018-11-10 08:00:00,17.47445455,7.481,4.120102934,1
2018-11-10 09:00:00,17.50918182,8.382,3.7860405339999996,42
2018-11-10 10:00:00,18.20972727,9.767999999999999,3.006561599,131
2018-11-10 11:00:00,18.26154545,11.625,3.563332267,241
2018-11-10 12:00:00,18.78918182,12.497,2.449790934,281
2018-11-10 13:00:00,18.28754545,12.304,4.5655194660000005,131
2018-11-10 14:00:00,18.72845455,11.431,2.783853333,33
2018-11-10 15:00:00,18.48636364,10.845999999999998,3.340624001,214
2018-11-10 16:00:00,18.64227273,9.767999999999999,4.008748799999999,48
2018-11-10 17:00:00,18.38263636,8.182,2.895207467,14
2018-11-10 18:00:00,18.53818182,8.082,1.781666133,1
2018-11-10 19:00:00,18.43436364,8.182,4.454165334,1
2018-11-10 20:00:00,18.28754545,7.481,2.449790934,2
2018-11-10 21:00:00,18.547,7.28,3.786040533,2
2018-11-10 22:00:00,18.29618182,7.582000000000001,0.6681248000000001,1
2018-11-10 23:00:00,18.22690909,7.682,0.33406240000000004,1
2018-11-11 00:00:00,17.88963636,8.282,1.113541334,1
2018-11-11 01:00:00,17.785999999999998,8.581,0.33406240000000004,1
2018-11-11 02:00:00,17.44854545,7.782,1.4476037330000002,1
2018-11-11 03:00:00,17.39663636,7.582000000000001,0.11135413300000001,1
2018-11-11 04:00:00,17.09372727,7.079,1.893020266,1
2018-11-11 05:00:00,17.10227273,7.28,0.11135413300000001,2
2018-11-11 06:00:00,16.834,7.782,12.24895467,1
2018-11-11 07:00:00,18.04527273,7.983,0.44541653299999995,2
2018-11-11 08:00:00,18.01081818,8.282,6.569893867999999,1
2018-11-11 09:00:00,18.16636364,9.176,1.224895466,28
2018-11-11 10:00:00,18.13181818,10.062999999999999,3.897394667,34
2018-11-11 11:00:00,18.33936364,11.819,3.117915734,71
2018-11-11 12:00:00,18.91018182,11.139000000000001,2.783853334,342
2018-11-11 13:00:00,18.78909091,11.915999999999999,3.0065616000000004,325
2018-11-11 14:00:00,18.98781818,12.497,2.3384367999999998,189
2018-11-11 15:00:00,18.67645455,11.139000000000001,3.563332267,206
2018-11-11 16:00:00,18.762999999999998,10.062999999999999,1.558957867,112
2018-11-11 17:00:00,18.469,8.978,4.6768735999999995,17
2018-11-11 18:00:00,18.68536364,8.779,1.3362496000000001,2
2018-11-11 19:00:00,18.42581818,6.877000000000001,4.231457066,1
2018-11-11 20:00:00,18.56436364,8.382,1.002187201,1
2018-11-11 21:00:00,18.33063636,8.082,5.456352534,1
2018-11-11 22:00:00,18.50372727,7.481,0.33406240000000004,2
2018-11-11 23:00:00,18.37390909,7.079,0.0,1
2018-11-12 00:00:00,17.92427273,7.178999999999999,0.0,1
2018-11-12 01:00:00,17.56109091,7.582000000000001,0.0,1
2018-11-12 02:00:00,17.241,7.481,0.0,1
2018-11-12 03:00:00,16.98136364,6.37,0.0,1
2018-11-12 04:00:00,16.69554545,5.5520000000000005,0.0,1
2018-11-12 05:00:00,16.46190909,5.757000000000001,0.0,1
2018-11-12 06:00:00,16.26245455,5.347,12.47166293,2
2018-11-12 07:00:00,17.58690909,5.5520000000000005,1.447603734,1
2018-11-12 08:00:00,17.682000000000002,6.064,4.676873598999999,2
2018-11-12 09:00:00,17.855,8.382,0.7794789329999999,21
2018-11-12 10:00:00,18.24418182,10.062999999999999,0.0,124
2018-11-12 11:00:00,18.09718182,12.013,0.0,225
2018-11-12 12:00:00,18.01963636,12.787,0.0,276
2018-11-12 13:00:00,17.73390909,13.075999999999999,0.0,336
2018-11-12 14:00:00,17.54363636,12.98,0.0,288
2018-11-12 15:00:00,17.31,12.594000000000001,0.0,56
2018-11-12 16:00:00,17.07654545,11.431,0.0,92
2018-11-12 17:00:00,16.85145455,10.748,0.0,13
2018-11-12 18:00:00,16.65218182,9.275,12.026246400000002,3
2018-11-12 19:00:00,18.08863636,9.077,1.6703120009999999,1
2018-11-12 20:00:00,18.054000000000002,9.176,4.5655194660000005,2
2018-11-12 21:00:00,17.96727273,9.077,3.117915734,2
2018-11-12 22:00:00,18.14045455,8.68,0.222708267,1
2018-11-12 23:00:00,17.74254545,8.581,0.0,2
2018-11-13 00:00:00,17.31872727,8.481,0.0,1
2018-11-13 01:00:00,16.98981818,7.983,0.0,2
2018-11-13 02:00:00,16.70436364,7.882000000000001,0.0,2
2018-11-13 03:00:00,16.46190909,7.782,0.0,2
2018-11-13 04:00:00,16.23654545,7.983,0.0,2
2018-11-13 05:00:00,16.05454545,7.782,0.0,1
2018-11-13 06:00:00,15.88972727,7.682,13.47385013,1
2018-11-13 07:00:00,17.32745455,7.682,1.4476037330000002,2
2018-11-13 08:00:00,17.535,7.882000000000001,4.5655194660000005,2
2018-11-13 09:00:00,17.67336364,8.879,0.44541653299999995,31
2018-11-13 10:00:00,17.95009091,9.965,0.0,129
2018-11-13 11:00:00,17.77690909,11.334000000000001,0.0,234
2018-11-13 12:00:00,17.74272727,11.915999999999999,0.0,280
2018-11-13 13:00:00,17.65609091,13.269,0.0,299
2018-11-13 14:00:00,17.50027273,13.173,0.0,270
2018-11-13 15:00:00,17.28390909,12.883,0.0,218
2018-11-13 16:00:00,17.00727273,10.944,0.0,118
2018-11-13 17:00:00,16.79054545,9.866,0.0,8
2018-11-13 18:00:00,16.61754545,9.669,12.13760053,2
2018-11-13 19:00:00,18.03672727,9.472000000000001,0.8908330659999999,1
2018-11-13 20:00:00,18.01927273,8.779,5.679060799,1
2018-11-13 21:00:00,18.10581818,8.978,1.4476037330000002,1
2018-11-13 22:00:00,18.07127273,9.472000000000001,0.33406240000000004,2
2018-11-13 23:00:00,17.72527273,9.669,0.0,1
2018-11-14 00:00:00,17.37063636,9.669,0.0,2
2018-11-14 01:00:00,17.05918182,10.357000000000001,0.0,1
2018-11-14 02:00:00,16.85163636,10.455,0.0,1
2018-11-14 03:00:00,16.687,10.357000000000001,0.0,1
2018-11-14 04:00:00,16.53109091,10.748,0.0,2
2018-11-14 05:00:00,16.39263636,11.334000000000001,0.0,1
2018-11-14 06:00:00,16.27990909,11.431,12.58301707,2
2018-11-14 07:00:00,17.88972727,11.139000000000001,1.4476037330000002,1
2018-11-14 08:00:00,17.94154545,11.431,3.7860405339999996,1
2018-11-14 09:00:00,18.02781818,12.594000000000001,0.890833067,24
2018-11-14 10:00:00,18.20109091,13.942,0.0,193
2018-11-14 11:00:00,18.24409091,14.9,0.0,330
2018-11-14 12:00:00,18.27890909,14.9,0.0,327
2018-11-14 13:00:00,18.16645455,14.995999999999999,0.0,375
2018-11-14 14:00:00,17.98481818,14.325,0.0,193
2018-11-14 15:00:00,17.77718182,13.654000000000002,0.0,193
2018-11-14 16:00:00,17.535,12.207,0.0,84
2018-11-14 17:00:00,17.336,10.651,0.0,13
2018-11-14 18:00:00,17.163,8.481,11.692184,1
2018-11-14 19:00:00,18.52963636,9.373,0.44541653299999995,2
2018-11-14 20:00:00,18.47763636,8.879,4.120102933,1
2018-11-14 21:00:00,18.38263636,8.879,1.447603734,2
2018-11-14 22:00:00,18.19245455,8.879,0.11135413300000001,2
2018-11-14 23:00:00,17.91545455,8.978,0.0,2
2018-11-15 00:00:00,17.63018182,10.062999999999999,0.0,1
2018-11-15 01:00:00,17.40536364,10.062999999999999,0.0,2
2018-11-15 02:00:00,17.21481818,10.455,0.0,1
2018-11-15 03:00:00,17.05054545,10.748,0.0,1
2018-11-15 04:00:00,16.89481818,10.944,0.0,2
2018-11-15 05:00:00,16.79090909,11.040999999999999,0.0,1
2018-11-15 06:00:00,16.67836364,11.040999999999999,11.58082987,2
2018-11-15 07:00:00,18.028,11.139000000000001,0.890833067,1
2018-11-15 08:00:00,18.175,11.431,4.120102933,2
2018-11-15 09:00:00,18.03654545,11.915999999999999,0.33406240000000004,16
2018-11-15 10:00:00,18.19245455,12.304,0.0,79
2018-11-15 11:00:00,18.07109091,12.883,0.0,130
2018-11-15 12:00:00,18.02809091,12.98,0.0,151
2018-11-15 13:00:00,18.07127273,13.173,0.0,241
2018-11-15 14:00:00,17.92418182,13.558,0.0,249
2018-11-15 15:00:00,17.73381818,13.460999999999999,0.0,168
2018-11-15 16:00:00,17.51781818,12.013,0.0,90
2018-11-15 17:00:00,17.336,13.075999999999999,0.0,3
2018-11-15 18:00:00,17.22354545,13.365,11.13541333,3
2018-11-15 19:00:00,18.59881818,13.460999999999999,0.44541653299999995,1
2018-11-15 20:00:00,18.62463636,13.460999999999999,4.008748801,3
2018-11-15 21:00:00,18.68536364,13.460999999999999,0.6681248000000001,1
2018-11-15 22:00:00,18.51227273,13.269,0.11135413300000001,2
2018-11-15 23:00:00,18.27027273,12.787,0.0,2
2018-11-16 00:00:00,18.03681818,12.304,0.0,1
2018-11-16 01:00:00,17.86363636,12.013,0.0,2
2018-11-16 02:00:00,17.68209091,11.722000000000001,0.0,2
2018-11-16 03:00:00,17.561,11.915999999999999,0.0,1
2018-11-16 04:00:00,17.43127273,12.013,0.0,1
2018-11-16 05:00:00,17.32754545,11.915999999999999,0.0,1
2018-11-16 06:00:00,17.23218182,11.819,11.13541333,2
2018-11-16 07:00:00,18.59027273,11.819,0.445416534,2
2018-11-16 08:00:00,18.54672727,11.819,4.008748799999999,2
2018-11-16 09:00:00,18.62481818,11.915999999999999,0.556770667,6
2018-11-16 10:00:00,18.52090909,12.594000000000001,0.0,40
2018-11-16 11:00:00,18.24427273,12.98,0.0,77
2018-11-16 12:00:00,18.00209091,12.787,0.0,60
2018-11-16 13:00:00,17.80309091,12.69,0.0,54
2018-11-16 14:00:00,17.67354545,12.69,0.0,32
2018-11-16 15:00:00,17.52636364,12.207,0.0,22
2018-11-16 16:00:00,17.40545455,11.722000000000001,0.0,11
2018-11-16 17:00:00,17.27554545,11.334000000000001,0.0,3
2018-11-16 18:00:00,17.17172727,11.040999999999999,11.024059199999998,1
2018-11-16 19:00:00,18.54690909,10.748,0.779478934,1
2018-11-16 20:00:00,18.42572727,10.062999999999999,4.008748799999999,1
2018-11-16 21:00:00,18.45172727,9.472000000000001,1.113541333,3
2018-11-16 22:00:00,18.30463636,9.275,0.11135413300000001,2
2018-11-16 23:00:00,18.002,8.978,0.0,1
2018-11-17 00:00:00,17.69072727,8.581,0.0,2
2018-11-17 01:00:00,17.42263636,8.68,0.0,2
2018-11-17 02:00:00,17.21509091,8.581,0.0,2
2018-11-17 03:00:00,17.01581818,8.481,0.0,1
2018-11-17 04:00:00,16.843,8.481,0.0,2
2018-11-17 05:00:00,16.660999999999998,8.182,0.0,1
2018-11-17 06:00:00,16.51372727,8.182,12.13760053,2
2018-11-17 07:00:00,17.907,7.682,1.0021871999999998,2
2018-11-17 08:00:00,17.91572727,7.682,5.010935999,1
2018-11-17 09:00:00,17.84636364,8.282,2.6724992000000003,12
2018-11-17 10:00:00,18.09718182,8.779,2.0043743999999997,49
2018-11-17 11:00:00,18.24436364,10.845999999999998,3.451978134,89
2018-11-17 12:00:00,18.668,9.571,2.227082666,100
2018-11-17 13:00:00,18.67654545,9.866,2.449790933,271
2018-11-17 14:00:00,18.39990909,9.571,4.120102933,90
2018-11-17 15:00:00,18.70245455,9.077,0.6681248000000001,90
2018-11-17 16:00:00,18.31345455,7.782,4.788227733,55
2018-11-17 17:00:00,18.42581818,6.6739999999999995,1.224895466,6
2018-11-17 18:00:00,18.33936364,5.347,3.3406239999999996,2
2018-11-17 19:00:00,18.13181818,5.141,3.0065616000000004,1
2018-11-17 20:00:00,18.33936364,4.727,2.227082667,2
2018-11-17 21:00:00,18.03663636,4.623,4.454165333,1
2018-11-17 22:00:00,18.30481818,4.207,0.0,1
2018-11-17 23:00:00,17.89827273,2.73,0.0,2
2018-11-18 00:00:00,17.39645455,2.303,0.0,1
2018-11-18 01:00:00,16.99836364,2.943,0.0,1
2018-11-18 02:00:00,16.65209091,2.8369999999999997,0.0,1
2018-11-18 03:00:00,16.38345455,3.049,0.0,1
2018-11-18 04:00:00,16.11481818,4.102,0.0,2
2018-11-18 05:00:00,15.898,4.727,0.0,2
2018-11-18 06:00:00,15.69845455,4.831,13.58520427,0
2018-11-18 07:00:00,17.14581818,5.86,1.224895467,2
2018-11-18 08:00:00,17.33609091,5.86,5.6790608,1
2018-11-18 09:00:00,17.241,6.37,3.563332267,13
2018-11-18 10:00:00,17.61290909,6.5729999999999995,3.3406239999999996,52
2018-11-18 11:00:00,17.42272727,7.28,5.010935999,64
2018-11-18 12:00:00,18.16636364,8.581,1.224895467,134
2018-11-18 13:00:00,18.19236364,9.767999999999999,5.344998400000001,119
2018-11-18 14:00:00,18.43454545,10.161,0.8908330659999999,255
2018-11-18 15:00:00,18.21818182,9.373,6.235831467000001,171
2018-11-18 16:00:00,18.24418182,7.582000000000001,0.890833067,74
2018-11-18 17:00:00,18.10590909,5.655,4.899581867,10
2018-11-18 18:00:00,18.03663636,3.998,1.8930202669999998,2
2018-11-18 19:00:00,17.98481818,3.049,3.451978134,2
2018-11-18 20:00:00,17.80327273,1.98,3.6746864,1
2018-11-18 21:00:00,17.97609091,1.764,2.0043743999999997,1
2018-11-18 22:00:00,17.59545455,1.548,1.3362496000000001,1
2018-11-18 23:00:00,17.43981818,1.548,0.0,1
2018-11-19 00:00:00,16.96381818,2.8369999999999997,0.0,1
2018-11-19 01:00:00,16.59145455,5.141,0.0,2
2018-11-19 02:00:00,16.31436364,5.86,0.0,1
2018-11-19 03:00:00,16.08027273,6.166,0.0,3
2018-11-19 04:00:00,15.88954545,6.6739999999999995,0.0,0
2018-11-19 05:00:00,15.67272727,6.6739999999999995,0.0,1
2018-11-19 06:00:00,15.47318182,6.6739999999999995,13.362495999999998,3
2018-11-19 07:00:00,16.99836364,6.471,3.0065616000000004,2
2018-11-19 08:00:00,17.20636364,6.775,4.6768735999999995,2
2018-11-19 09:00:00,17.24090909,7.28,0.7794789329999999,20
2018-11-19 10:00:00,17.11109091,8.282,0.0,39
2018-11-19 11:00:00,16.86863636,8.382,0.0,119
2018-11-19 12:00:00,16.479,7.782,0.0,88
2018-11-19 13:00:00,16.29690909,8.581,0.0,123
2018-11-19 14:00:00,16.02854545,7.682,0.0,89
2018-11-19 15:00:00,15.82036364,7.481,0.0,39
2018-11-19 16:00:00,15.57718182,6.166,0.0,36
2018-11-19 17:00:00,15.37745455,6.064,0.0,1
2018-11-19 18:00:00,15.19509091,5.757000000000001,14.030620800000001,1
2018-11-19 19:00:00,16.68681818,5.45,2.3384367999999998,1
2018-11-19 20:00:00,16.98127273,5.244,5.344998399,0
2018-11-19 21:00:00,16.84272727,4.727,4.676873598999999,2
2018-11-19 22:00:00,17.25818182,3.6830000000000003,1.4476037330000002,1
2018-11-19 23:00:00,16.89463636,3.8930000000000002,1.113541334,1
2018-11-20 00:00:00,16.59181818,4.519,1.893020266,1
2018-11-20 01:00:00,16.32318182,3.998,0.556770667,1
2018-11-20 02:00:00,16.07190909,3.998,2.227082666,1
2018-11-20 03:00:00,15.985,4.207,0.11135413300000001,1
2018-11-20 04:00:00,15.69890909,4.727,2.227082667,1
2018-11-20 05:00:00,15.70745455,4.727,1.6703119999999998,2
2018-11-20 06:00:00,15.46454545,3.367,12.3603088,1
2018-11-20 07:00:00,16.71281818,3.155,2.561145067,2
2018-11-20 08:00:00,16.86009091,2.6239999999999997,6.458539732999999,2
2018-11-20 09:00:00,16.83409091,5.037,0.556770667,17
2018-11-20 10:00:00,16.82536364,5.45,0.0,64
2018-11-20 11:00:00,16.27990909,5.655,0.0,39
2018-11-20 12:00:00,15.85509091,5.655,0.0,24
2018-11-20 13:00:00,15.54254545,5.86,0.0,48
2018-11-20 14:00:00,15.29072727,5.347,0.0,43
2018-11-20 15:00:00,15.03872727,4.831,0.0,31
2018-11-20 16:00:00,14.77790909,3.7880000000000003,0.0,9
2018-11-20 17:00:00,14.56009091,3.6830000000000003,0.0,1
2018-11-20 18:00:00,14.36854545,3.998,14.6987456,2
2018-11-20 19:00:00,15.845999999999998,3.8930000000000002,4.565519467,0
2018-11-20 20:00:00,16.34036364,3.6830000000000003,6.3471856010000005,0
2018-11-20 21:00:00,16.59163636,3.5780000000000003,4.6768735999999995,2
2018-11-20 22:00:00,16.66090909,3.5780000000000003,0.6681248000000001,2
2018-11-20 23:00:00,16.25372727,3.261,0.0,2
2018-11-21 00:00:00,15.73345455,2.73,0.0,2
2018-11-21 01:00:00,15.31654545,2.73,0.0,2
2018-11-21 02:00:00,14.97754545,2.943,0.0,1
2018-11-21 03:00:00,14.69927273,2.943,0.0,1
2018-11-21 04:00:00,14.46390909,3.049,0.0,1
2018-11-21 05:00:00,14.24636364,3.367,0.0,3
2018-11-21 06:00:00,14.06336364,3.367,14.47603733,1
2018-11-21 07:00:00,15.716,3.155,6.792602133,2
2018-11-21 08:00:00,16.219,2.943,6.3471856010000005,2
2018-11-21 09:00:00,16.55681818,3.367,0.890833067,19
2018-11-21 10:00:00,16.18463636,3.5780000000000003,0.0,41
2018-11-21 11:00:00,15.62081818,5.5520000000000005,0.0,37
2018-11-21 12:00:00,15.204,4.934,0.0,133
2018-11-21 13:00:00,15.13427273,5.962000000000001,0.0,134
2018-11-21 14:00:00,14.73445455,6.6739999999999995,0.0,129
2018-11-21 15:00:00,14.51690909,6.064,0.0,63
2018-11-21 16:00:00,14.25554545,4.207,0.0,55
2018-11-21 17:00:00,13.985,2.517,0.0,6
2018-11-21 18:00:00,13.75818182,2.6239999999999997,15.25551627,2
2018-11-21 19:00:00,15.34272727,1.764,5.790414932999999,1
2018-11-21 20:00:00,15.880999999999998,0.893,8.017497601,1
2018-11-21 21:00:00,16.23645455,0.121,4.3428112,1
2018-11-21 22:00:00,16.219,-0.5489999999999999,0.7794789329999999,1
2018-11-21 23:00:00,15.78536364,-1.341,0.0,1
2018-11-22 00:00:00,15.10754545,-1.456,0.0,2
2018-11-22 01:00:00,14.59345455,-1.6840000000000002,0.0,0
2018-11-22 02:00:00,14.15754545,-2.61,0.0,2
2018-11-22 03:00:00,13.76436364,-3.0789999999999997,0.0,1
2018-11-22 04:00:00,13.44072727,-3.553,0.0,1
2018-11-22 05:00:00,13.15181818,-2.377,0.0,0
2018-11-22 06:00:00,12.89781818,-1.456,15.47822453,2
2018-11-22 07:00:00,14.50809091,-0.887,7.460726932999999,2
2018-11-22 08:00:00,15.36845455,-0.213,8.240205867,2
2018-11-22 09:00:00,15.78545455,0.563,0.222708267,7
2018-11-22 10:00:00,15.39427273,2.088,0.0,12
2018-11-22 11:00:00,14.81172727,2.73,0.0,135
2018-11-22 12:00:00,14.37636364,4.207,0.0,63
2018-11-22 13:00:00,14.05409091,4.207,0.0,79
2018-11-22 14:00:00,13.76618182,3.998,0.0,53
2018-11-22 15:00:00,13.53018182,3.8930000000000002,0.0,15
2018-11-22 16:00:00,13.31136364,3.6830000000000003,0.0,17
2018-11-22 17:00:00,13.11909091,3.6830000000000003,0.0,2
2018-11-22 18:00:00,12.95245455,3.8930000000000002,15.14416213,1
2018-11-22 19:00:00,14.58645455,4.207,7.015310399,2
2018-11-22 20:00:00,15.45554545,4.415,8.128851734,1
2018-11-22 21:00:00,15.95009091,4.102,6.013123199,2
2018-11-22 22:00:00,16.21890909,3.998,1.224895466,2
2018-11-22 23:00:00,15.907,4.311,0.0,2
2018-11-23 00:00:00,15.26463636,4.207,0.0,2
2018-11-23 01:00:00,14.81254545,3.6830000000000003,0.0,2
2018-11-23 02:00:00,14.47290909,4.207,0.0,1
2018-11-23 03:00:00,14.20290909,4.311,0.0,1
2018-11-23 04:00:00,13.975999999999999,3.998,0.0,4
2018-11-23 05:00:00,13.74918182,3.5780000000000003,0.0,2
2018-11-23 06:00:00,13.52172727,3.5780000000000003,15.032808,2
2018-11-23 07:00:00,15.19518182,3.5780000000000003,7.238018668,2
2018-11-23 08:00:00,15.95036364,3.7880000000000003,6.013123200000001,2
2018-11-23 09:00:00,16.23627273,4.311,1.0021871999999998,6
2018-11-23 10:00:00,15.90690909,4.727,0.0,33
2018-11-23 11:00:00,15.35154545,5.5520000000000005,0.0,30
2018-11-23 12:00:00,14.969000000000001,5.757000000000001,0.0,29
2018-11-23 13:00:00,14.69936364,5.962000000000001,0.0,42
2018-11-23 14:00:00,14.44681818,6.064,0.0,30
2018-11-23 15:00:00,14.21181818,6.064,0.0,22
2018-11-23 16:00:00,14.02854545,6.268,0.0,7
2018-11-23 17:00:00,13.86290909,6.268,0.0,2
2018-11-23 18:00:00,13.74063636,6.37,15.3668704,1
2018-11-23 19:00:00,15.41209091,6.5729999999999995,6.235831467000001,1
2018-11-23 20:00:00,16.141,6.775,5.790414932999999,1
2018-11-23 21:00:00,16.38372727,6.775,5.790414932999999,1
2018-11-23 22:00:00,16.69563636,6.877000000000001,0.44541653299999995,1
2018-11-23 23:00:00,16.245,6.877000000000001,0.0,1
2018-11-24 00:00:00,15.73345455,6.978,0.0,2
2018-11-24 01:00:00,15.38636364,7.381,0.0,1
2018-11-24 02:00:00,15.13427273,7.481,0.0,1
2018-11-24 03:00:00,14.90836364,7.481,0.0,1
2018-11-24 04:00:00,14.70836364,7.381,0.0,2
2018-11-24 05:00:00,14.53418182,7.28,0.0,2
2018-11-24 06:00:00,14.38627273,7.381,14.6987456,2
2018-11-24 07:00:00,15.98481818,7.28,3.6746864,2
2018-11-24 08:00:00,16.45309091,7.28,7.126664533,1
2018-11-24 09:00:00,16.86,7.481,4.231457067,5
2018-11-24 10:00:00,16.73018182,8.182,6.3471855999999995,16
2018-11-24 11:00:00,17.31872727,7.782,5.010936,41
2018-11-24 12:00:00,17.189,8.879,3.563332266,22
2018-11-24 13:00:00,17.53481818,8.779,6.681247999999999,57
2018-11-24 14:00:00,17.55227273,8.581,1.0021871999999998,106
2018-11-24 15:00:00,17.50890909,8.182,6.681247999999999,28
2018-11-24 16:00:00,17.78581818,7.882000000000001,4.231457067,10
2018-11-24 17:00:00,17.80318182,7.481,2.449790933,2
2018-11-24 18:00:00,17.54372727,7.381,5.567706667,1
2018-11-24 19:00:00,18.01936364,6.877000000000001,3.897394668,1
2018-11-24 20:00:00,17.83781818,6.5729999999999995,2.3384367999999998,2
2018-11-24 21:00:00,17.80318182,6.268,5.901769067,1
2018-11-24 22:00:00,17.94154545,5.86,0.6681248000000001,2
2018-11-24 23:00:00,17.72527273,5.5520000000000005,0.0,2
2018-11-25 00:00:00,17.19772727,5.5520000000000005,0.0,1
2018-11-25 01:00:00,16.82554545,5.347,0.0,2
2018-11-25 02:00:00,16.46163636,3.367,0.0,2
2018-11-25 03:00:00,16.16718182,5.141,0.0,1
2018-11-25 04:00:00,15.933,5.037,0.0,2
2018-11-25 05:00:00,15.664000000000001,5.244,0.0,2
2018-11-25 06:00:00,15.447000000000001,5.347,13.362495999999998,3
2018-11-25 07:00:00,16.86872727,5.347,2.0043743999999997,1
2018-11-25 08:00:00,17.08518182,5.5520000000000005,6.903956266000001,2
2018-11-25 09:00:00,17.18036364,5.5520000000000005,2.115728534,6
2018-11-25 10:00:00,17.28409091,5.757000000000001,6.903956267000001,22
2018-11-25 11:00:00,17.29281818,6.775,1.8930202669999998,37
2018-11-25 12:00:00,17.60427273,7.381,6.569893866,97
2018-11-25 13:00:00,17.63890909,7.582000000000001,1.4476037330000002,108
2018-11-25 14:00:00,17.83781818,7.882000000000001,5.679060801,103
2018-11-25 15:00:00,17.99336364,6.6739999999999995,2.3384367999999998,165
2018-11-25 16:00:00,17.62163636,6.064,5.344998400000001,59
2018-11-25 17:00:00,18.028,5.757000000000001,3.6746864,6
2018-11-25 18:00:00,17.86381818,5.86,1.8930202669999998,2
2018-11-25 19:00:00,17.65609091,5.5520000000000005,7.238018667,2
2018-11-25 20:00:00,17.95881818,5.655,2.227082667,0
2018-11-25 21:00:00,17.855,5.347,3.006561601,3
2018-11-25 22:00:00,17.83781818,5.037,0.33406240000000004,2
2018-11-25 23:00:00,17.43118182,5.037,0.0,2
2018-11-26 00:00:00,16.98127273,5.037,0.0,2
2018-11-26 01:00:00,16.61736364,4.623,0.0,2
2018-11-26 02:00:00,16.297,4.831,0.0,2
2018-11-26 03:00:00,16.01945455,4.934,0.0,1
2018-11-26 04:00:00,15.77663636,5.037,0.0,2
2018-11-26 05:00:00,15.58581818,5.347,0.0,0
2018-11-26 06:00:00,15.36881818,5.347,13.58520427,1
2018-11-26 07:00:00,16.89463636,5.45,2.449790934,1
2018-11-26 08:00:00,17.09381818,4.934,5.790414934,1
2018-11-26 09:00:00,17.17154545,5.347,0.7794789329999999,6
2018-11-26 10:00:00,17.10245455,6.37,0.0,79
2018-11-26 11:00:00,16.72136364,6.37,0.0,54
2018-11-26 12:00:00,16.49627273,7.682,0.0,227
2018-11-26 13:00:00,16.47854545,8.282,0.0,169
2018-11-26 14:00:00,16.02836364,7.782,0.0,200
2018-11-26 15:00:00,15.74209091,6.6739999999999995,0.0,52
2018-11-26 16:00:00,15.48163636,6.5729999999999995,0.0,47
2018-11-26 17:00:00,15.25581818,5.244,0.0,2
2018-11-26 18:00:00,15.05590909,5.655,14.030620800000001,2
2018-11-26 19:00:00,16.58290909,5.757000000000001,1.8930202669999998,2
2018-11-26 20:00:00,16.79936364,5.347,7.238018668,1
2018-11-26 21:00:00,16.88609091,5.037,3.117915734,3
2018-11-26 22:00:00,17.12845455,5.037,0.11135413300000001,2
2018-11-26 23:00:00,16.62609091,4.831,0.0,1
2018-11-27 00:00:00,16.15827273,4.727,0.0,1
2018-11-27 01:00:00,15.76790909,4.102,0.0,1
2018-11-27 02:00:00,15.44681818,4.102,0.0,4
2018-11-27 03:00:00,15.20336364,3.8930000000000002,0.0,2
2018-11-27 04:00:00,14.96872727,3.8930000000000002,0.0,1
2018-11-27 05:00:00,14.76863636,3.998,0.0,2
2018-11-27 06:00:00,14.54236364,3.7880000000000003,14.47603733,3
2018-11-27 07:00:00,16.11518182,3.261,4.008748799999999,4
2018-11-27 08:00:00,16.54836364,3.261,6.792602134,5
2018-11-27 09:00:00,16.71272727,3.998,0.44541653299999995,3
2018-11-27 10:00:00,16.49645455,5.037,0.0,17
2018-11-27 11:00:00,15.88981818,5.244,0.0,50
2018-11-27 12:00:00,15.40390909,5.347,0.0,33
2018-11-27 13:00:00,15.04754545,5.655,0.0,40
2018-11-27 14:00:00,14.76063636,5.5520000000000005,0.0,33
2018-11-27 15:00:00,14.49072727,5.86,0.0,15
2018-11-27 16:00:00,14.24681818,5.86,0.0,5
2018-11-27 17:00:00,14.02881818,6.37,0.0,1
2018-11-27 18:00:00,13.88054545,6.877000000000001,15.3668704,1
2018-11-27 19:00:00,15.68081818,7.28,5.6790608,2
2018-11-27 20:00:00,16.27081818,7.079,5.567706667,0
2018-11-27 21:00:00,16.59136364,6.775,7.349372801,1
2018-11-27 22:00:00,16.78218182,6.877000000000001,0.556770667,1
2018-11-27 23:00:00,16.53963636,6.37,0.0,1
2018-11-28 00:00:00,16.011,6.471,0.0,2
2018-11-28 01:00:00,15.62954545,6.6739999999999995,0.0,3
2018-11-28 02:00:00,15.30836364,6.877000000000001,0.0,1
2018-11-28 03:00:00,15.06481818,6.978,0.0,1
2018-11-28 04:00:00,14.85636364,7.178999999999999,0.0,2
2018-11-28 05:00:00,14.68227273,7.782,0.0,0
2018-11-28 06:00:00,14.52563636,8.481,14.81009973,2
2018-11-28 07:00:00,16.26218182,9.472000000000001,3.2292698669999997,1
2018-11-28 08:00:00,16.78190909,10.357000000000001,7.9061434660000005,1
2018-11-28 09:00:00,17.06772727,11.625,0.44541653299999995,5
2018-11-28 10:00:00,17.033,12.69,0.0,34
2018-11-28 11:00:00,16.59163636,13.075999999999999,0.0,37
2018-11-28 12:00:00,16.31454545,13.845999999999998,0.0,38
2018-11-28 13:00:00,16.19327273,14.134,0.0,131
2018-11-28 14:00:00,16.06318182,13.845999999999998,0.0,54
2018-11-28 15:00:00,15.94172727,13.558,0.0,28
2018-11-28 16:00:00,15.82036364,13.75,0.0,9
2018-11-28 17:00:00,15.72490909,13.558,0.0,6
2018-11-28 18:00:00,15.61209091,12.883,13.58520427,2
2018-11-28 19:00:00,17.232,12.11,4.788227733,2
2018-11-28 20:00:00,17.58690909,11.915999999999999,3.897394667,2
2018-11-28 21:00:00,17.62136364,11.625,3.0065616000000004,1
2018-11-28 22:00:00,17.84636364,11.722000000000001,0.33406240000000004,1
2018-11-28 23:00:00,17.37063636,10.651,2.115728534,1
2018-11-29 00:00:00,17.362000000000002,9.669,0.222708267,1
2018-11-29 01:00:00,16.98127273,9.373,2.0043743999999997,1
2018-11-29 02:00:00,17.007,9.669,0.11135413300000001,1
2018-11-29 03:00:00,16.73881818,10.062999999999999,2.227082666,1
2018-11-29 04:00:00,16.80790909,10.455,0.11135413300000001,1
2018-11-29 05:00:00,16.58290909,11.139000000000001,2.115728533,2
2018-11-29 06:00:00,16.66927273,12.013,12.13760053,1
2018-11-29 07:00:00,17.95072727,12.11,5.456352533,1
2018-11-29 08:00:00,18.53954545,12.594000000000001,6.235831467000001,1
2018-11-29 09:00:00,18.86881818,13.173,0.11135413300000001,2
2018-11-29 10:00:00,18.59072727,13.942,0.0,18
2018-11-29 11:00:00,18.09736364,13.845999999999998,0.0,36
2018-11-29 12:00:00,17.79436364,13.845999999999998,0.0,20
2018-11-29 13:00:00,17.55236364,12.207,0.0,98
2018-11-29 14:00:00,17.414,11.235999999999999,0.0,79
2018-11-29 15:00:00,17.23227273,10.651,0.0,134
2018-11-29 16:00:00,16.92072727,10.161,0.0,22
2018-11-29 17:00:00,16.69563636,9.965,0.0,3
2018-11-29 18:00:00,16.48772727,9.275,13.25114187,1
2018-11-29 19:00:00,17.87236364,9.077,2.449790933,2
2018-11-29 20:00:00,18.20954545,9.571,7.906143467000001,2
2018-11-29 21:00:00,18.40872727,8.978,4.231457066,1
2018-11-29 22:00:00,18.68545455,8.879,2.0043744009999998,1
2018-11-29 23:00:00,18.49509091,8.282,0.0,1
2018-11-30 00:00:00,17.86372727,8.282,0.0,2
2018-11-30 01:00:00,17.39663636,7.983,0.0,2
2018-11-30 02:00:00,17.02463636,7.682,0.0,2
2018-11-30 03:00:00,16.69563636,7.481,0.0,2
2018-11-30 04:00:00,16.40981818,6.978,0.0,1
2018-11-30 05:00:00,16.18463636,6.5729999999999995,0.0,1
2018-11-30 06:00:00,15.95045455,6.978,13.47385013,2
2018-11-30 07:00:00,17.45727273,6.775,1.8930202669999998,2
2018-11-30 08:00:00,17.55236364,6.978,5.456352533,1
2018-11-30 09:00:00,17.54363636,7.381,1.113541333,9
2018-11-30 10:00:00,17.82036364,8.182,0.0,64
2018-11-30 11:00:00,17.50890909,8.978,0.0,149
2018-11-30 12:00:00,17.34454545,9.472000000000001,0.0,203
2018-11-30 13:00:00,17.19736364,10.062999999999999,0.0,225
2018-11-30 14:00:00,16.98109091,11.040999999999999,0.0,203
2018-11-30 15:00:00,16.59145455,8.581,0.0,99
2018-11-30 16:00:00,16.297,8.382,0.0,40
2018-11-30 17:00:00,16.04554545,7.481,0.0,2
2018-11-30 18:00:00,15.82881818,6.775,13.47385013,1
2018-11-30 19:00:00,17.32727273,7.178999999999999,6.124477333,1
2018-11-30 20:00:00,17.88954545,7.28,7.126664533,2
2018-11-30 21:00:00,18.26163636,6.978,5.901769066,2
2018-11-30 22:00:00,18.452,7.079,0.11135413300000001,1
2018-11-30 23:00:00,18.01063636,6.5729999999999995,0.0,2
